{
"lengthUnit": "mil",
"components": {
	"fields": ["COMPONENT_NO", "COMPONENT_NAME", "LAYER", "X_COORDINATE", "Y_COORDINATE", "ANGLE"],
	"rows": [
		[1, "((BOOT))", "T", -675, 440, 0],
		[2, "((POWER))", "T", 350, 995, 0],
		[3, "((RESET))", "T", -420, 440, 0],
		[4, "C1", "T", -1625, -575, 0],
		[5, "C2", "T", -1220, -585, 270],
		[6, "C3", "T", -1405, -585, 270],
		[7, "C4", "T", -1625, -495, 0],
		[8, "C5", "T", -465, 210, 0],
		[9, "C6", "T", -465, 290, 0],
		[10, "C7", "T", -941.26, 510, 180],
		[11, "C8", "T", 455, 1565, 270],
		[12, "C9", "T", 640, 940, 270],
		[13, "C10", "T", -505, 960, 315],
		[14, "C11", "T", -418.07, 1500.97, 225],
		[15, "C12", "T", -362.72, 1445.88, 225],
		[16, "C13", "T", -303.07, 1390.97, 225],
		[17, "C14", "T", -243.07, 1335.97, 225],
		[18, "C15", "T", -185, 1280, 225],
		[19, "C16", "T", -385, 1070, 135],
		[20, "C17", "T", 1085, -15, 315],
		[21, "C18", "T", -620, 845, 315],
		[22, "C19", "T", -615, 1315, 225],
		[23, "C20", "T", -670, 1370, 225],
		[24, "C21", "T", -560, 1260, 225],
		[25, "C22", "T", 1605, -850, 180],
		[26, "C23", "T", -1165, 1290, 135],
		[27, "C24", "T", -1070, 1545, 45],
		[28, "C25", "T", 955, 925, 135],
		[29, "C26", "T", 1375, 210, 90],
		[30, "C27", "T", 1780, 225, 0],
		[31, "C28", "T", 1644.73, 499.73, 90],
		[32, "C29", "T", 1470, 1090, 45],
		[33, "C30", "T", 1255, 1270, 135],
		[34, "C31", "T", 870, 1620, 45],
		[35, "C32", "T", 1760, -480, 135],
		[36, "D1", "T", 1545, 710, 45],
		[37, "D2", "T", 1045, 1480, 315],
		[38, "D3", "T", 650, 1710, 0],
		[39, "FID1", "T", -1771.65, 492.13, 0],
		[40, "FID2", "T", 118.11, 1299.21, 0],
		[41, "FID3", "T", 866.14, -1574.8, 0],
		[42, "H1", "T", -1205, 585, 0],
		[43, "H2", "T", -495, -130, 180],
		[44, "H5", "T", 165, -60, 270],
		[45, "H6", "T", -795, -1460, 90],
		[46, "H7", "T", -200, 280, 270],
		[47, "H8", "T", -595, -1110, 0],
		[48, "L1", "T", -490, 1675, 225],
		[49, "L2", "T", 1110, 490, 90],
		[50, "Q1", "T", 590, 1555, 90],
		[51, "Q2", "T", -1395, -860, 0],
		[52, "R1", "T", -1130, -955, 45],
		[53, "R2", "T", -1070, -1015, 45],
		[54, "R3", "T", -625, 290, 180],
		[55, "R4", "T", -835, -605, 180],
		[56, "R5", "T", -835, -525, 180],
		[57, "R6", "T", -940, 430, 180],
		[58, "R7", "T", -840, -320, 270],
		[59, "R8", "T", -835, 235, 90],
		[60, "R9", "T", -840, -175, 90],
		[61, "R10", "T", 175, 995, 180],
		[62, "R11", "T", 720, 1555, 270],
		[63, "R12", "T", -478.07, 1555.97, 225],
		[64, "R13", "T", 1020, -75, 135],
		[65, "R14", "T", -755, 710, 135],
		[66, "R15", "T", -680, 785, 135],
		[67, "R16", "T", -445, 1015, 135],
		[68, "R17", "T", -560, 900, 135],
		[69, "R18", "T", -855, 1545, 45],
		[70, "R19", "T", -790, 1485, 45],
		[71, "R20", "T", -500, 1160, 225],
		[72, "R21", "T", -1285, 1010, 0],
		[73, "R22", "T", -1285, 1090, 0],
		[74, "R23", "T", -1285, 1170, 0],
		[75, "R24", "T", -730, 1430, 225],
		[76, "R25", "T", 1375, 365, 270],
		[77, "R26", "T", 1745, 25, 180],
		[78, "R27", "T", 1724.73, 499.73, 90],
		[79, "R28", "T", 1440, -270, 180],
		[80, "R29", "T", 1475, 45, 0],
		[81, "R30", "T", 1440, -110, 0],
		[82, "R31", "T", 1730.43, 374.44, 180],
		[83, "R32", "T", 1825, -320, 135],
		[84, "R33", "T", 1440, -190, 180],
		[85, "R34", "T", 20, 1765, 270],
		[86, "R35", "T", -1510, -960, 0],
		[87, "R36", "T", 1385, -1210, 180],
		[88, "R37", "T", -1245, -855, 270],
		[89, "RJ1", "T", 1100, -655, 45],
		[90, "RN1", "T", -1005, 780, 135],
		[91, "RN2", "T", -1115, 890, 135],
		[92, "S1", "T", -196.85, 1803.94, 0],
		[93, "S2", "T", 1102.36, -1358.27, 0],
		[94, "S3", "T", -1038.58, -1444.09, 0],
		[95, "U1", "T", -1279.53, 0, 90],
		[96, "U2", "T", 550, 1255, 90],
		[97, "U3", "T", -859.81, 1087.15, 45],
		[98, "U4", "T", 1050, 1075, 135],
		[99, "U5", "T", 1560, -465, 45],
		[100, "U6", "T", 1700, -595, 315],
		[101, "U7", "T", 1625, -225, 0],
		[102, "U8", "T", 1545, 270, 0],
		[103, "U11", "T", 196.85, 1803.94, 0],
		[104, "U12", "T", -1641.34, -765.35, 0],
		[105, "U13", "T", 1483.46, -1038.58, 0],
		[106, "USB1", "T", -1285, -1175, 315],
		[107, "X1", "T", -1050, 1385, 225]
	]
},
"pins": {
	"fields": ["PIN_NO", "PIN_NAME", "PIN_X", "PIN_Y", "LAYER", "PIN_TYPE", "NET_NAME", "NET_TYPE", "PAD_SHAPE", "PAD_SIZEX", "PAD_SIZEY", "HOLE_SIZE", "PAD_ANGLE"],
	"rows": [
		[1, "((BOOT))_1", -761.02, 440, "T", "SMD", "IO0", "", "R", 48.42, 53.54, 0, 0],
		[2, "((BOOT))_2", -588.98, 440, "T", "SMD", "GND", "GND", "R", 48.42, 53.54, 0, 0],
		[3, "((POWER))_1", 391.35, 995, "T", "SMD", "3V3", "", "R", 39.37, 55.1, 0, 180],
		[4, "((POWER))_2", 308.65, 995, "T", "SMD", "$2N10626", "", "R", 39.37, 55.1, 0, 180],
		[5, "((RESET))_1", -506.02, 440, "T", "SMD", "EN", "", "R", 48.42, 53.54, 0, 0],
		[6, "((RESET))_2", -333.98, 440, "T", "SMD", "GND", "GND", "R", 48.42, 53.54, 0, 0],
		[7, "C1_1", -1664.37, -575, "T", "SMD", "GND", "GND", "R", 55.51, 53.15, 0, 0],
		[8, "C1_2", -1585.63, -575, "T", "SMD", "3V3", "", "R", 55.51, 53.15, 0, 0],
		[9, "C2_1", -1220, -514.13, "T", "SMD", "3V3", "", "R", 102.36, 43.31, 0, 270],
		[10, "C2_2", -1220, -655.87, "T", "SMD", "GND", "GND", "R", 102.36, 43.31, 0, 270],
		[11, "C3_1", -1405, -514.13, "T", "SMD", "3V3", "", "R", 102.36, 43.31, 0, 270],
		[12, "C3_2", -1405, -655.87, "T", "SMD", "GND", "GND", "R", 102.36, 43.31, 0, 270],
		[13, "C4_1", -1664.37, -495, "T", "SMD", "GND", "GND", "R", 55.51, 53.15, 0, 0],
		[14, "C4_2", -1585.63, -495, "T", "SMD", "3V3", "", "R", 55.51, 53.15, 0, 0],
		[15, "C5_1", -504.37, 210, "T", "SMD", "EN", "", "R", 55.51, 53.15, 0, 0],
		[16, "C5_2", -425.63, 210, "T", "SMD", "GND", "GND", "R", 55.51, 53.15, 0, 0],
		[17, "C6_1", -504.37, 290, "T", "SMD", "EN", "", "R", 55.51, 53.15, 0, 0],
		[18, "C6_2", -425.63, 290, "T", "SMD", "GND", "GND", "R", 55.51, 53.15, 0, 0],
		[19, "C7_1", -901.89, 510, "T", "SMD", "IO0", "", "R", 55.51, 53.15, 0, 180],
		[20, "C7_2", -980.63, 510, "T", "SMD", "GND", "GND", "R", 55.51, 53.15, 0, 180],
		[21, "C8_1", 455, 1627.7, "T", "SMD", "GND", "GND", "R", 58.47, 68.03, 0, 270],
		[22, "C8_2", 455, 1502.3, "T", "SMD", "5V", "", "R", 58.47, 68.03, 0, 270],
		[23, "C9_1", 640, 979.37, "T", "DIP", "3V3", "", "C", 51.18, 51.18, 31.5, 270],
		[24, "C9_1", 640, 979.37, "B", "DIP", "3V3", "", "C", 51.18, 51.18, 31.5, 270],
		[25, "C9_2", 640, 900.63, "T", "DIP", "GND", "GND", "C", 51.18, 51.18, 31.5, 270],
		[26, "C9_2", 640, 900.63, "B", "DIP", "GND", "GND", "C", 51.18, 51.18, 31.5, 270],
		[27, "C10_1", -532.84, 987.84, "T", "SMD", "RX_P", "", "R", 55.51, 53.15, 0, 315],
		[28, "C10_2", -477.16, 932.16, "T", "SMD", "RX1_P", "", "R", 55.51, 53.15, 0, 315],
		[29, "C11_1", -390.23, 1528.81, "T", "SMD", "GND", "GND", "R", 55.51, 53.15, 0, 225],
		[30, "C11_2", -445.91, 1473.14, "T", "SMD", "+3.3VNET", "", "R", 55.51, 53.15, 0, 225],
		[31, "C12_1", -334.88, 1473.72, "T", "SMD", "GND", "GND", "R", 55.51, 53.15, 0, 225],
		[32, "C12_2", -390.56, 1418.04, "T", "SMD", "+3.3VNET", "", "R", 55.51, 53.15, 0, 225],
		[33, "C13_1", -275.23, 1418.81, "T", "SMD", "GND", "GND", "R", 55.51, 53.15, 0, 225],
		[34, "C13_2", -330.91, 1363.14, "T", "SMD", "+3.3VNET", "", "R", 55.51, 53.15, 0, 225],
		[35, "C14_1", -215.23, 1363.81, "T", "SMD", "GND", "GND", "R", 55.51, 53.15, 0, 225],
		[36, "C14_2", -270.91, 1308.14, "T", "SMD", "+3.3VNET", "", "R", 55.51, 53.15, 0, 225],
		[37, "C15_1", -157.16, 1307.84, "T", "SMD", "GND", "GND", "R", 55.51, 53.15, 0, 225],
		[38, "C15_2", -212.84, 1252.16, "T", "SMD", "+3.3VNET", "", "R", 55.51, 53.15, 0, 225],
		[39, "C16_1", -357.16, 1042.16, "T", "SMD", "RCT", "", "R", 55.51, 53.15, 0, 135],
		[40, "C16_2", -412.84, 1097.84, "T", "SMD", "GND", "GND", "R", 55.51, 53.15, 0, 135],
		[41, "C17_1", 1057.16, 12.84, "T", "SMD", "GND", "GND", "R", 55.51, 53.15, 0, 315],
		[42, "C17_2", 1112.84, -42.84, "T", "SMD", "TCT", "", "R", 55.51, 53.15, 0, 315],
		[43, "C18_1", -647.84, 872.84, "T", "SMD", "RX_N", "", "R", 55.51, 53.15, 0, 315],
		[44, "C18_2", -592.16, 817.16, "T", "SMD", "RX1_N", "", "R", 55.51, 53.15, 0, 315],
		[45, "C19_1", -587.16, 1342.84, "T", "SMD", "GND", "GND", "R", 55.51, 53.15, 0, 225],
		[46, "C19_2", -642.84, 1287.16, "T", "SMD", "$3N1787", "", "R", 55.51, 53.15, 0, 225],
		[47, "C20_1", -642.16, 1397.84, "T", "SMD", "GND", "GND", "R", 55.51, 53.15, 0, 225],
		[48, "C20_2", -697.84, 1342.16, "T", "SMD", "$3N1790", "", "R", 55.51, 53.15, 0, 225],
		[49, "C21_1", -532.16, 1287.84, "T", "SMD", "GND", "GND", "R", 55.51, 53.15, 0, 225],
		[50, "C21_2", -587.84, 1232.16, "T", "SMD", "+3.3VNET", "", "R", 55.51, 53.15, 0, 225],
		[51, "C22_1", 1667.7, -850, "T", "SMD", "PGND", "", "R", 58.47, 68.03, 0, 180],
		[52, "C22_2", 1542.3, -850, "T", "SMD", "$3N7978", "", "R", 58.47, 68.03, 0, 180],
		[53, "C23_1", -1137.16, 1262.16, "T", "SMD", "XO", "", "R", 55.51, 53.15, 0, 135],
		[54, "C23_2", -1192.84, 1317.84, "T", "SMD", "GND", "GND", "R", 55.51, 53.15, 0, 135],
		[55, "C24_1", -1097.84, 1517.16, "T", "SMD", "XI", "", "R", 55.51, 53.15, 0, 45],
		[56, "C24_2", -1042.16, 1572.84, "T", "SMD", "GND", "GND", "R", 55.51, 53.15, 0, 45],
		[57, "C25_1", 1013.25, 866.75, "T", "SMD", "$3N4258", "", "R", 70.28, 85.04, 0, 135],
		[58, "C25_2", 896.75, 983.25, "T", "SMD", "+5VP", "", "R", 70.28, 85.04, 0, 135],
		[59, "C26_1", 1375, 170.63, "T", "SMD", "SW", "", "R", 55.51, 53.15, 0, 90],
		[60, "C26_2", 1375, 249.37, "T", "SMD", "$3N3160", "", "R", 55.51, 53.15, 0, 90],
		[61, "C27_1", 1740.63, 225, "T", "DIP", "V+", "", "C", 51.18, 51.18, 31.5, 0],
		[62, "C27_1", 1740.63, 225, "B", "DIP", "V+", "", "C", 51.18, 51.18, 31.5, 0],
		[63, "C27_2", 1819.37, 225, "T", "DIP", "PGND", "", "C", 51.18, 51.18, 31.5, 0],
		[64, "C27_2", 1819.37, 225, "B", "DIP", "PGND", "", "C", 51.18, 51.18, 31.5, 0],
		[65, "C28_1", 1644.73, 460.36, "T", "SMD", "FB", "", "R", 55.51, 53.15, 0, 90],
		[66, "C28_2", 1644.73, 539.1, "T", "SMD", "$3N4258", "", "R", 55.51, 53.15, 0, 90],
		[67, "C29_1", 1434.64, 1054.64, "T", "DIP", "$3N4258", "", "C", 62.99, 62.99, 39.37, 45],
		[68, "C29_1", 1434.64, 1054.64, "B", "DIP", "$3N4258", "", "C", 62.99, 62.99, 39.37, 45],
		[69, "C29_2", 1505.36, 1125.36, "T", "DIP", "PGND", "", "C", 62.99, 62.99, 39.37, 45],
		[70, "C29_2", 1505.36, 1125.36, "B", "DIP", "PGND", "", "C", 62.99, 62.99, 39.37, 45],
		[71, "C30_1", 1313.25, 1211.75, "T", "SMD", "PGND", "", "R", 70.28, 85.04, 0, 135],
		[72, "C30_2", 1196.75, 1328.25, "T", "SMD", "GND", "GND", "R", 70.28, 85.04, 0, 135],
		[73, "C31_1", 842.16, 1592.16, "T", "SMD", "+5VP", "", "R", 55.51, 53.15, 0, 45],
		[74, "C31_2", 897.84, 1647.84, "T", "SMD", "GND", "GND", "R", 55.51, 53.15, 0, 45],
		[75, "C32_1", 1787.84, -507.84, "T", "SMD", "V-", "", "R", 55.51, 53.15, 0, 135],
		[76, "C32_2", 1732.16, -452.16, "T", "SMD", "V+", "", "R", 55.51, 53.15, 0, 135],
		[77, "D1_1", 1640.63, 805.63, "T", "SMD", "PGND", "", "R", 119.29, 150.39, 0, 225],
		[78, "D1_2", 1449.37, 614.37, "T", "SMD", "SW", "", "R", 119.29, 150.39, 0, 225],
		[79, "D2_1", 979.28, 1545.72, "T", "SMD", "+5VP", "", "R", 80.61, 86.31, 0, 315],
		[80, "D2_2", 1110.72, 1414.28, "T", "SMD", "GND", "GND", "R", 80.61, 86.31, 0, 315],
		[81, "D3_1", 563.68, 1710, "T", "SMD", "5V", "", "R", 70.87, 66.93, 0, 0],
		[82, "D3_2", 736.32, 1710, "T", "SMD", "+5VP", "", "R", 70.87, 66.93, 0, 0],
		[83, "FID1_1", -1771.65, 492.13, "T", "SMD", "FID1_1", "", "C", 39.37, 39.37, 0, 0],
		[84, "FID2_1", 118.11, 1299.21, "T", "SMD", "FID2_1", "", "C", 39.37, 39.37, 0, 0],
		[85, "FID3_1", 866.14, -1574.8, "T", "SMD", "FID3_1", "", "C", 39.37, 39.37, 0, 0],
		[86, "H1_1", -1305, 535, "T", "DIP", "GPIO39", "", "R", 62.99, 62.99, 41.34, 0],
		[87, "H1_1", -1305, 535, "B", "DIP", "GPIO39", "", "R", 62.99, 62.99, 41.34, 0],
		[88, "H1_2", -1305, 635, "T", "DIP", "GPIO40", "", "C", 62.99, 62.99, 41.34, 0],
		[89, "H1_2", -1305, 635, "B", "DIP", "GPIO40", "", "C", 62.99, 62.99, 41.34, 0],
		[90, "H1_3", -1205, 535, "T", "DIP", "GPIO37", "", "C", 62.99, 62.99, 41.34, 0],
		[91, "H1_3", -1205, 535, "B", "DIP", "GPIO37", "", "C", 62.99, 62.99, 41.34, 0],
		[92, "H1_4", -1205, 635, "T", "DIP", "GPIO38", "", "C", 62.99, 62.99, 41.34, 0],
		[93, "H1_4", -1205, 635, "B", "DIP", "GPIO38", "", "C", 62.99, 62.99, 41.34, 0],
		[94, "H1_5", -1105, 535, "T", "DIP", "GPIO35", "", "C", 62.99, 62.99, 41.34, 0],
		[95, "H1_5", -1105, 535, "B", "DIP", "GPIO35", "", "C", 62.99, 62.99, 41.34, 0],
		[96, "H1_6", -1105, 635, "T", "DIP", "GPIO36", "", "C", 62.99, 62.99, 41.34, 0],
		[97, "H1_6", -1105, 635, "B", "DIP", "GPIO36", "", "C", 62.99, 62.99, 41.34, 0],
		[98, "H2_1", -345, -130, "T", "DIP", "GPIO21", "", "R", 66.93, 66.93, 43.31, 180],
		[99, "H2_1", -345, -130, "B", "DIP", "GPIO21", "", "R", 66.93, 66.93, 43.31, 180],
		[100, "H2_2", -445, -130, "T", "DIP", "GPIO14", "", "C", 66.93, 66.93, 43.31, 180],
		[101, "H2_2", -445, -130, "B", "DIP", "GPIO14", "", "C", 66.93, 66.93, 43.31, 180],
		[102, "H2_3", -545, -130, "T", "DIP", "GPIO13", "", "C", 66.93, 66.93, 43.31, 180],
		[103, "H2_3", -545, -130, "B", "DIP", "GPIO13", "", "C", 66.93, 66.93, 43.31, 180],
		[104, "H2_4", -645, -130, "T", "DIP", "GPIO12", "", "C", 66.93, 66.93, 43.31, 180],
		[105, "H2_4", -645, -130, "B", "DIP", "GPIO12", "", "C", 66.93, 66.93, 43.31, 180],
		[106, "H5_1", 165, 140, "T", "DIP", "3V3", "", "R", 62, 62, 40.16, 270],
		[107, "H5_1", 165, 140, "B", "DIP", "3V3", "", "R", 62, 62, 40.16, 270],
		[108, "H5_2", 165, 40, "T", "DIP", "GND", "GND", "C", 62, 62, 40.16, 270],
		[109, "H5_2", 165, 40, "B", "DIP", "GND", "GND", "C", 62, 62, 40.16, 270],
		[110, "H5_3", 165, -60, "T", "DIP", "$4N2217", "", "C", 62, 62, 40.16, 270],
		[111, "H5_3", 165, -60, "B", "DIP", "$4N2217", "", "C", 62, 62, 40.16, 270],
		[112, "H5_4", 165, -160, "T", "DIP", "TXD", "", "C", 62, 62, 40.16, 270],
		[113, "H5_4", 165, -160, "B", "DIP", "TXD", "", "C", 62, 62, 40.16, 270],
		[114, "H5_5", 165, -260, "T", "DIP", "RDX", "", "C", 62, 62, 40.16, 270],
		[115, "H5_5", 165, -260, "B", "DIP", "RDX", "", "C", 62, 62, 40.16, 270],
		[116, "H6_1", -795, -1610, "T", "DIP", "IIC_SDA", "", "R", 66.93, 66.93, 43.31, 90],
		[117, "H6_1", -795, -1610, "B", "DIP", "IIC_SDA", "", "R", 66.93, 66.93, 43.31, 90],
		[118, "H6_2", -795, -1510, "T", "DIP", "IIC_SCL", "", "C", 66.93, 66.93, 43.31, 90],
		[119, "H6_2", -795, -1510, "B", "DIP", "IIC_SCL", "", "C", 66.93, 66.93, 43.31, 90],
		[120, "H6_3", -795, -1410, "T", "DIP", "GND", "GND", "C", 66.93, 66.93, 43.31, 90],
		[121, "H6_3", -795, -1410, "B", "DIP", "GND", "GND", "C", 66.93, 66.93, 43.31, 90],
		[122, "H6_4", -795, -1310, "T", "DIP", "3V3", "", "C", 66.93, 66.93, 43.31, 90],
		[123, "H6_4", -795, -1310, "B", "DIP", "3V3", "", "C", 66.93, 66.93, 43.31, 90],
		[124, "H7_1", -200, 430, "T", "DIP", "3V3", "", "R", 66.93, 66.93, 43.31, 270],
		[125, "H7_1", -200, 430, "B", "DIP", "3V3", "", "R", 66.93, 66.93, 43.31, 270],
		[126, "H7_2", -200, 330, "T", "DIP", "GND", "GND", "C", 66.93, 66.93, 43.31, 270],
		[127, "H7_2", -200, 330, "B", "DIP", "GND", "GND", "C", 66.93, 66.93, 43.31, 270],
		[128, "H7_3", -200, 230, "T", "DIP", "IIC_SCL", "", "C", 66.93, 66.93, 43.31, 270],
		[129, "H7_3", -200, 230, "B", "DIP", "IIC_SCL", "", "C", 66.93, 66.93, 43.31, 270],
		[130, "H7_4", -200, 130, "T", "DIP", "IIC_SDA", "", "C", 66.93, 66.93, 43.31, 270],
		[131, "H7_4", -200, 130, "B", "DIP", "IIC_SDA", "", "C", 66.93, 66.93, 43.31, 270],
		[132, "H8_1", -745, -1110, "T", "DIP", "IIC_SDA", "", "R", 66.93, 66.93, 43.31, 0],
		[133, "H8_1", -745, -1110, "B", "DIP", "IIC_SDA", "", "R", 66.93, 66.93, 43.31, 0],
		[134, "H8_2", -645, -1110, "T", "DIP", "IIC_SCL", "", "C", 66.93, 66.93, 43.31, 0],
		[135, "H8_2", -645, -1110, "B", "DIP", "IIC_SCL", "", "C", 66.93, 66.93, 43.31, 0],
		[136, "H8_3", -545, -1110, "T", "DIP", "3V3", "", "C", 66.93, 66.93, 43.31, 0],
		[137, "H8_3", -545, -1110, "B", "DIP", "3V3", "", "C", 66.93, 66.93, 43.31, 0],
		[138, "H8_4", -445, -1110, "T", "DIP", "GND", "GND", "C", 66.93, 66.93, 43.31, 0],
		[139, "H8_4", -445, -1110, "B", "DIP", "GND", "GND", "C", 66.93, 66.93, 43.31, 0],
		[140, "L1_1", -463.1, 1701.9, "T", "SMD", "3V3", "", "R", 44.59, 54.21, 0, 225],
		[141, "L1_2", -516.9, 1648.1, "T", "SMD", "$3N1744", "", "R", 44.59, 54.21, 0, 225],
		[142, "L2_1", 1110, 284.2, "T", "SMD", "SW", "", "R", 125.98, 111.6, 0, 90],
		[143, "L2_2", 1110, 695.8, "T", "SMD", "$3N4258", "", "R", 125.98, 111.6, 0, 90],
		[144, "Q1_1", 627.4, 1594.37, "T", "SMD", "+5VP", "", "R", 49.21, 27.56, 0, 90],
		[145, "Q1_2", 552.6, 1594.37, "T", "SMD", "5V", "", "R", 49.21, 27.56, 0, 90],
		[146, "Q1_3", 590, 1515.63, "T", "SMD", "USB5V", "", "R", 49.21, 27.56, 0, 90],
		[147, "Q2_1", -1355.63, -897.4, "T", "SMD", "$4N841", "", "R", 49.21, 27.56, 0, 0],
		[148, "Q2_2", -1355.63, -822.6, "T", "SMD", "GND", "GND", "R", 49.21, 27.56, 0, 0],
		[149, "Q2_3", -1434.37, -860, "T", "SMD", "$4N663", "", "R", 49.21, 27.56, 0, 0],
		[150, "R1_1", -1156.9, -981.9, "T", "SMD", "USBC_N", "", "R", 44.59, 54.21, 0, 45],
		[151, "R1_2", -1103.1, -928.1, "T", "SMD", "DPP_N", "", "R", 44.59, 54.21, 0, 45],
		[152, "R2_1", -1096.9, -1041.9, "T", "SMD", "USBC_P", "", "R", 44.59, 54.21, 0, 45],
		[153, "R2_2", -1043.1, -988.1, "T", "SMD", "DPP_P", "", "R", 44.59, 54.21, 0, 45],
		[154, "R3_1", -585.63, 290, "T", "SMD", "EN", "", "R", 44.59, 54.21, 0, 180],
		[155, "R3_2", -664.37, 290, "T", "SMD", "3V3", "", "R", 44.59, 54.21, 0, 180],
		[156, "R4_1", -795.63, -605, "T", "SMD", "3V3", "", "R", 44.59, 54.21, 0, 180],
		[157, "R4_2", -874.37, -605, "T", "SMD", "IIC_SCL", "", "R", 44.59, 54.21, 0, 180],
		[158, "R5_1", -795.63, -525, "T", "SMD", "3V3", "", "R", 44.59, 54.21, 0, 180],
		[159, "R5_2", -874.37, -525, "T", "SMD", "IIC_SDA", "", "R", 44.59, 54.21, 0, 180],
		[160, "R6_1", -900.63, 430, "T", "SMD", "3V3", "", "R", 44.59, 54.21, 0, 180],
		[161, "R6_2", -979.37, 430, "T", "SMD", "IO0", "", "R", 44.59, 54.21, 0, 180],
		[162, "R7_1", -840, -280.63, "T", "SMD", "$2N2478", "", "R", 44.59, 54.21, 0, 270],
		[163, "R7_2", -840, -359.37, "T", "SMD", "3V3", "", "R", 44.59, 54.21, 0, 270],
		[164, "R8_1", -835, 195.63, "T", "SMD", "GND", "GND", "R", 44.59, 54.21, 0, 90],
		[165, "R8_2", -835, 274.37, "T", "SMD", "IO45", "", "R", 44.59, 54.21, 0, 90],
		[166, "R9_1", -840, -214.37, "T", "SMD", "IO46", "", "R", 44.59, 54.21, 0, 90],
		[167, "R9_2", -840, -135.63, "T", "SMD", "GND", "GND", "R", 44.59, 54.21, 0, 90],
		[168, "R10_1", 214.37, 995, "T", "SMD", "$2N10626", "", "R", 44.59, 54.21, 0, 180],
		[169, "R10_2", 135.63, 995, "T", "SMD", "GND", "GND", "R", 44.59, 54.21, 0, 180],
		[170, "R11_1", 720, 1594.37, "T", "SMD", "+5VP", "", "R", 44.59, 54.21, 0, 270],
		[171, "R11_2", 720, 1515.63, "T", "SMD", "GND", "GND", "R", 44.59, 54.21, 0, 270],
		[172, "R12_1", -450.23, 1583.81, "T", "SMD", "$3N1744", "", "R", 44.59, 54.21, 0, 225],
		[173, "R12_2", -505.91, 1528.14, "T", "SMD", "+3.3VNET", "", "R", 44.59, 54.21, 0, 225],
		[174, "R13_1", 1046.9, -101.9, "T", "SMD", "TCT", "", "R", 44.59, 54.21, 0, 135],
		[175, "R13_2", 993.1, -48.1, "T", "SMD", "+3.3VNET", "", "R", 44.59, 54.21, 0, 135],
		[176, "R14_1", -727.16, 682.16, "T", "SMD", "TX_N", "", "R", 44.59, 54.21, 0, 135],
		[177, "R14_2", -782.84, 737.84, "T", "SMD", "+3.3VNET", "", "R", 44.59, 54.21, 0, 135],
		[178, "R15_1", -652.16, 757.16, "T", "SMD", "TX_P", "", "R", 44.59, 54.21, 0, 135],
		[179, "R15_2", -707.84, 812.84, "T", "SMD", "+3.3VNET", "", "R", 44.59, 54.21, 0, 135],
		[180, "R16_1", -417.16, 987.16, "T", "SMD", "RCT", "", "R", 44.59, 54.21, 0, 135],
		[181, "R16_2", -472.84, 1042.84, "T", "SMD", "RX_P", "", "R", 44.59, 54.21, 0, 135],
		[182, "R17_1", -532.16, 872.16, "T", "SMD", "RCT", "", "R", 44.59, 54.21, 0, 135],
		[183, "R17_2", -587.84, 927.84, "T", "SMD", "RX_N", "", "R", 44.59, 54.21, 0, 135],
		[184, "R18_1", -882.84, 1517.16, "T", "SMD", "LED_ACT", "", "R", 44.59, 54.21, 0, 45],
		[185, "R18_2", -827.16, 1572.84, "T", "SMD", "ACT", "", "R", 44.59, 54.21, 0, 45],
		[186, "R19_1", -817.84, 1457.16, "T", "SMD", "LED_LINK", "", "R", 44.59, 54.21, 0, 45],
		[187, "R19_2", -762.16, 1512.84, "T", "SMD", "LINK", "", "R", 44.59, 54.21, 0, 45],
		[188, "R20_1", -472.16, 1187.84, "T", "SMD", "GND", "GND", "R", 44.59, 54.21, 0, 225],
		[189, "R20_2", -527.84, 1132.16, "T", "SMD", "$3N1703", "", "R", 44.59, 54.21, 0, 225],
		[190, "R21_1", -1324.37, 1010, "T", "SMD", "+3.3VNET", "", "R", 44.59, 54.21, 0, 0],
		[191, "R21_2", -1245.63, 1010, "T", "SMD", "RST_NET", "", "R", 44.59, 54.21, 0, 0],
		[192, "R22_1", -1324.37, 1090, "T", "SMD", "+3.3VNET", "", "R", 44.59, 54.21, 0, 0],
		[193, "R22_2", -1245.63, 1090, "T", "SMD", "INT_NET", "", "R", 44.59, 54.21, 0, 0],
		[194, "R23_1", -1324.37, 1170, "T", "SMD", "+3.3VNET", "", "R", 44.59, 54.21, 0, 0],
		[195, "R23_2", -1245.63, 1170, "T", "SMD", "SPI1_CS", "", "R", 44.59, 54.21, 0, 0],
		[196, "R24_1", -702.16, 1457.84, "T", "SMD", "GND", "GND", "R", 44.59, 54.21, 0, 225],
		[197, "R24_2", -757.84, 1402.16, "T", "SMD", "$3N1788", "", "R", 44.59, 54.21, 0, 225],
		[198, "R25_1", 1375, 404.37, "T", "SMD", "BS", "", "R", 44.59, 54.21, 0, 270],
		[199, "R25_2", 1375, 325.63, "T", "SMD", "$3N3160", "", "R", 44.59, 54.21, 0, 270],
		[200, "R26_1", 1865.72, 25, "T", "SMD", "PGND", "", "R", 50.49, 136.06, 0, 180],
		[201, "R26_2", 1624.28, 25, "T", "SMD", "V+", "", "R", 50.49, 136.06, 0, 180],
		[202, "R27_1", 1724.73, 460.36, "T", "SMD", "FB", "", "R", 44.59, 54.21, 0, 90],
		[203, "R27_2", 1724.73, 539.1, "T", "SMD", "$3N4258", "", "R", 44.59, 54.21, 0, 90],
		[204, "R28_1", 1479.37, -270, "T", "SMD", "V-", "", "R", 44.59, 54.21, 0, 180],
		[205, "R28_2", 1400.63, -270, "T", "SMD", "$3N3528", "", "R", 44.59, 54.21, 0, 180],
		[206, "R29_1", 1416.78, 45, "T", "SMD", "$3N3976", "", "R", 47.54, 66.97, 0, 0],
		[207, "R29_2", 1533.22, 45, "T", "SMD", "V+", "", "R", 47.54, 66.97, 0, 0],
		[208, "R30_1", 1400.63, -110, "T", "SMD", "UVLO", "", "R", 44.59, 54.21, 0, 0],
		[209, "R30_2", 1479.37, -110, "T", "SMD", "V+", "", "R", 44.59, 54.21, 0, 0],
		[210, "R31_1", 1769.8, 374.44, "T", "SMD", "PGND", "", "R", 44.59, 54.21, 0, 180],
		[211, "R31_2", 1691.06, 374.44, "T", "SMD", "FB", "", "R", 44.59, 54.21, 0, 180],
		[212, "R32_1", 1852.84, -347.84, "T", "SMD", "V-", "", "R", 44.59, 54.21, 0, 135],
		[213, "R32_2", 1797.16, -292.16, "T", "SMD", "$3N3532", "", "R", 44.59, 54.21, 0, 135],
		[214, "R33_1", 1479.37, -190, "T", "SMD", "V-", "", "R", 44.59, 54.21, 0, 180],
		[215, "R33_2", 1400.63, -190, "T", "SMD", "UVLO", "", "R", 44.59, 54.21, 0, 180],
		[216, "R34_1", 20, 1804.37, "T", "SMD", "$4N880", "", "R", 44.59, 54.21, 0, 270],
		[217, "R34_2", 20, 1725.63, "T", "SMD", "5V", "", "R", 44.59, 54.21, 0, 270],
		[218, "R35_1", -1549.37, -960, "T", "SMD", "$4N919", "", "R", 44.59, 54.21, 0, 0],
		[219, "R35_2", -1470.63, -960, "T", "SMD", "5V", "", "R", 44.59, 54.21, 0, 0],
		[220, "R36_1", 1424.37, -1210, "T", "SMD", "$4N958", "", "R", 44.59, 54.21, 0, 180],
		[221, "R36_2", 1345.63, -1210, "T", "SMD", "5V", "", "R", 44.59, 54.21, 0, 180],
		[222, "R37_1", -1245, -815.63, "T", "SMD", "GPIO4", "", "R", 44.59, 54.21, 0, 270],
		[223, "R37_2", -1245, -894.37, "T", "SMD", "$4N841", "", "R", 44.59, 54.21, 0, 270],
		[224, "RJ1_1", 1121.57, -315.24, "T", "DIP", "RX1_P", "", "R", 59.05, 59.05, 35.43, 45],
		[225, "RJ1_1", 1121.57, -315.24, "B", "DIP", "RX1_P", "", "R", 59.05, 59.05, 35.43, 45],
		[226, "RJ1_2", 1086.21, -421.3, "T", "DIP", "RX1_N", "", "C", 59.05, 59.05, 35.43, 45],
		[227, "RJ1_2", 1086.21, -421.3, "B", "DIP", "RX1_N", "", "C", 59.05, 59.05, 35.43, 45],
		[228, "RJ1_3", 1192.28, -385.95, "T", "DIP", "RCT", "", "C", 59.05, 59.05, 35.43, 45],
		[229, "RJ1_3", 1192.28, -385.95, "B", "DIP", "RCT", "", "C", 59.05, 59.05, 35.43, 45],
		[230, "RJ1_4", 1156.92, -492.01, "T", "DIP", "TCT", "", "C", 59.05, 59.05, 35.43, 45],
		[231, "RJ1_4", 1156.92, -492.01, "B", "DIP", "TCT", "", "C", 59.05, 59.05, 35.43, 45],
		[232, "RJ1_5", 1262.99, -456.66, "T", "DIP", "TX_P", "", "C", 59.05, 59.05, 35.43, 45],
		[233, "RJ1_5", 1262.99, -456.66, "B", "DIP", "TX_P", "", "C", 59.05, 59.05, 35.43, 45],
		[234, "RJ1_6", 1227.63, -562.72, "T", "DIP", "TX_N", "", "C", 59.05, 59.05, 35.43, 45],
		[235, "RJ1_6", 1227.63, -562.72, "B", "DIP", "TX_N", "", "C", 59.05, 59.05, 35.43, 45],
		[236, "RJ1_7", 1333.7, -527.37, "T", "DIP", "$3N7978", "", "C", 59.05, 59.05, 35.43, 45],
		[237, "RJ1_7", 1333.7, -527.37, "B", "DIP", "$3N7978", "", "C", 59.05, 59.05, 35.43, 45],
		[238, "RJ1_8", 1298.34, -633.43, "T", "DIP", "$3N7978", "", "C", 59.05, 59.05, 35.43, 45],
		[239, "RJ1_8", 1298.34, -633.43, "B", "DIP", "$3N7978", "", "C", 59.05, 59.05, 35.43, 45],
		[240, "RJ1_9", 1404.41, -598.08, "T", "DIP", "V+", "", "C", 59.05, 59.05, 35.43, 45],
		[241, "RJ1_9", 1404.41, -598.08, "B", "DIP", "V+", "", "C", 59.05, 59.05, 35.43, 45],
		[242, "RJ1_10", 1369.05, -704.14, "T", "DIP", "V-", "", "C", 59.05, 59.05, 35.43, 45],
		[243, "RJ1_10", 1369.05, -704.14, "B", "DIP", "V-", "", "C", 59.05, 59.05, 35.43, 45],
		[244, "RJ1_11", 734.78, -651.11, "T", "DIP", "+3.3VNET", "", "C", 62.99, 62.99, 43.31, 45],
		[245, "RJ1_11", 734.78, -651.11, "B", "DIP", "+3.3VNET", "", "C", 62.99, 62.99, 43.31, 45],
		[246, "RJ1_12", 805.49, -721.82, "T", "DIP", "ACT", "", "C", 62.99, 62.99, 43.31, 45],
		[247, "RJ1_12", 805.49, -721.82, "B", "DIP", "ACT", "", "C", 62.99, 62.99, 43.31, 45],
		[248, "RJ1_13", 1033.18, -949.51, "T", "DIP", "LINK", "", "C", 62.99, 62.99, 43.31, 45],
		[249, "RJ1_13", 1033.18, -949.51, "B", "DIP", "LINK", "", "C", 62.99, 62.99, 43.31, 45],
		[250, "RJ1_14", 1103.89, -1020.22, "T", "DIP", "GND", "GND", "C", 62.99, 62.99, 43.31, 45],
		[251, "RJ1_14", 1103.89, -1020.22, "B", "DIP", "GND", "GND", "C", 62.99, 62.99, 43.31, 45],
		[252, "RJ1_GND1", 902.36, -421.3, "T", "DIP", "$3N7978", "", "C", 79.9, 79.9, 64.2, 45],
		[253, "RJ1_GND1", 902.36, -421.3, "B", "DIP", "$3N7978", "", "C", 79.9, 79.9, 64.2, 45],
		[254, "RJ1_GND2", 1333.7, -852.64, "T", "DIP", "$3N7978", "", "C", 79.9, 79.9, 64.2, 45],
		[255, "RJ1_GND2", 1333.7, -852.64, "B", "DIP", "$3N7978", "", "C", 79.9, 79.9, 64.2, 45],
		[256, "RN1_1", -946.54, 771.65, "T", "SMD", "$3N1716", "", "R", 25.59, 31.5, 0, 135],
		[257, "RN1_2", -968.81, 793.92, "T", "SMD", "$3N1717", "", "R", 19.68, 31.5, 0, 135],
		[258, "RN1_3", -991.08, 816.19, "T", "SMD", "$3N1718", "", "R", 19.68, 31.5, 0, 135],
		[259, "RN1_4", -1013.35, 838.46, "T", "SMD", "$3N1715", "", "R", 25.59, 31.5, 0, 135],
		[260, "RN1_5", -1063.46, 788.35, "T", "SMD", "GND", "GND", "R", 25.59, 31.5, 0, 135],
		[261, "RN1_6", -1041.19, 766.08, "T", "SMD", "+3.3VNET", "", "R", 19.68, 31.5, 0, 135],
		[262, "RN1_7", -1018.92, 743.81, "T", "SMD", "+3.3VNET", "", "R", 19.68, 31.5, 0, 135],
		[263, "RN1_8", -996.65, 721.54, "T", "SMD", "+3.3VNET", "", "R", 25.59, 31.5, 0, 135],
		[264, "RN2_1", -1056.54, 881.65, "T", "SMD", "$3N1711", "", "R", 25.59, 31.5, 0, 135],
		[265, "RN2_2", -1078.81, 903.92, "T", "SMD", "$3N1712", "", "R", 19.68, 31.5, 0, 135],
		[266, "RN2_3", -1101.08, 926.19, "T", "SMD", "$3N1713", "", "R", 19.68, 31.5, 0, 135],
		[267, "RN2_4", -1123.35, 948.46, "T", "SMD", "$3N1714", "", "R", 25.59, 31.5, 0, 135],
		[268, "RN2_5", -1173.46, 898.35, "T", "SMD", "GND", "GND", "R", 25.59, 31.5, 0, 135],
		[269, "RN2_6", -1151.19, 876.08, "T", "SMD", "GND", "GND", "R", 19.68, 31.5, 0, 135],
		[270, "RN2_7", -1128.92, 853.81, "T", "SMD", "GND", "GND", "R", 19.68, 31.5, 0, 135],
		[271, "RN2_8", -1106.65, 831.54, "T", "SMD", "GND", "GND", "R", 25.59, 31.5, 0, 135],
		[272, "S1_1", -196.85, 1803.94, "T", "DIP", "S1_1", "", "C", 177.17, 177.17, 157.48, 0],
		[273, "S1_1", -196.85, 1803.94, "B", "DIP", "S1_1", "", "C", 177.17, 177.17, 157.48, 0],
		[274, "S2_1", 1102.36, -1358.27, "T", "DIP", "S2_1", "", "C", 177.17, 177.17, 157.48, 0],
		[275, "S2_1", 1102.36, -1358.27, "B", "DIP", "S2_1", "", "C", 177.17, 177.17, 157.48, 0],
		[276, "S3_1", -1038.58, -1444.09, "T", "DIP", "S3_1", "", "C", 177.17, 177.17, 157.48, 0],
		[277, "S3_1", -1038.58, -1444.09, "B", "DIP", "S3_1", "", "C", 177.17, 177.17, 157.48, 0],
		[278, "U1_1", -1629.72, -344.49, "T", "SMD", "GND", "GND", "R", 59.05, 35.43, 0, 90],
		[279, "U1_2", -1579.72, -344.49, "T", "SMD", "3V3", "", "R", 59.05, 35.43, 0, 90],
		[280, "U1_3", -1529.72, -344.49, "T", "SMD", "EN", "", "R", 59.05, 35.43, 0, 90],
		[281, "U1_4", -1479.72, -344.49, "T", "SMD", "GPIO4", "", "R", 59.05, 35.43, 0, 90],
		[282, "U1_5", -1429.72, -344.49, "T", "SMD", "U1_5", "", "R", 59.05, 35.43, 0, 90],
		[283, "U1_6", -1379.72, -344.49, "T", "SMD", "U1_6", "", "R", 59.05, 35.43, 0, 90],
		[284, "U1_7", -1329.72, -344.49, "T", "SMD", "U1_7", "", "R", 59.05, 35.43, 0, 90],
		[285, "U1_8", -1279.72, -344.49, "T", "SMD", "RDX", "", "R", 59.05, 35.43, 0, 90],
		[286, "U1_9", -1229.72, -344.49, "T", "SMD", "TXD", "", "R", 59.05, 35.43, 0, 90],
		[287, "U1_10", -1179.72, -344.49, "T", "SMD", "U1_10", "", "R", 59.05, 35.43, 0, 90],
		[288, "U1_11", -1129.72, -344.49, "T", "SMD", "IIC_SCL", "", "R", 59.05, 35.43, 0, 90],
		[289, "U1_12", -1079.72, -344.49, "T", "SMD", "IIC_SDA", "", "R", 59.05, 35.43, 0, 90],
		[290, "U1_13", -1029.72, -344.49, "T", "SMD", "DPP_N", "", "R", 59.05, 35.43, 0, 90],
		[291, "U1_14", -979.72, -344.49, "T", "SMD", "DPP_P", "", "R", 59.05, 35.43, 0, 90],
		[292, "U1_15", -929.33, -275, "T", "SMD", "$2N2478", "", "R", 59.05, 35.43, 0, 180],
		[293, "U1_16", -929.33, -225, "T", "SMD", "IO46", "", "R", 59.05, 35.43, 0, 180],
		[294, "U1_17", -929.33, -175, "T", "SMD", "U1_17", "", "R", 59.05, 35.43, 0, 180],
		[295, "U1_18", -929.33, -125, "T", "SMD", "U1_18", "", "R", 59.05, 35.43, 0, 180],
		[296, "U1_19", -929.33, -75, "T", "SMD", "U1_19", "", "R", 59.05, 35.43, 0, 180],
		[297, "U1_20", -929.33, -25, "T", "SMD", "GPIO12", "", "R", 59.05, 35.43, 0, 180],
		[298, "U1_21", -929.33, 25, "T", "SMD", "GPIO13", "", "R", 59.05, 35.43, 0, 180],
		[299, "U1_22", -929.33, 75, "T", "SMD", "GPIO14", "", "R", 59.05, 35.43, 0, 180],
		[300, "U1_23", -929.33, 125, "T", "SMD", "GPIO21", "", "R", 59.05, 35.43, 0, 180],
		[301, "U1_24", -929.33, 175, "T", "SMD", "U1_24", "", "R", 59.05, 35.43, 0, 180],
		[302, "U1_25", -929.33, 225, "T", "SMD", "U1_25", "", "R", 59.05, 35.43, 0, 180],
		[303, "U1_26", -930.51, 275, "T", "SMD", "IO45", "", "R", 59.05, 35.43, 0, 180],
		[304, "U1_27", -979.72, 344.49, "T", "SMD", "IO0", "", "R", 59.05, 35.43, 0, 270],
		[305, "U1_28", -1029.72, 344.49, "T", "SMD", "GPIO35", "", "R", 59.05, 35.43, 0, 270],
		[306, "U1_29", -1079.72, 344.49, "T", "SMD", "GPIO36", "", "R", 59.05, 35.43, 0, 270],
		[307, "U1_30", -1129.72, 344.49, "T", "SMD", "GPIO37", "", "R", 59.05, 35.43, 0, 270],
		[308, "U1_31", -1179.72, 344.49, "T", "SMD", "GPIO38", "", "R", 59.05, 35.43, 0, 270],
		[309, "U1_32", -1229.72, 344.49, "T", "SMD", "GPIO39", "", "R", 59.05, 35.43, 0, 270],
		[310, "U1_33", -1279.72, 344.49, "T", "SMD", "GPIO40", "", "R", 59.05, 35.43, 0, 270],
		[311, "U1_34", -1329.72, 344.49, "T", "SMD", "SPI1_CS", "", "R", 59.05, 35.43, 0, 270],
		[312, "U1_35", -1379.72, 344.49, "T", "SMD", "SPI1_MISO", "", "R", 59.05, 35.43, 0, 270],
		[313, "U1_36", -1429.72, 344.49, "T", "SMD", "SPI1_MOSI", "", "R", 59.05, 35.43, 0, 270],
		[314, "U1_37", -1479.72, 344.49, "T", "SMD", "SPI1_SCK", "", "R", 59.05, 35.43, 0, 270],
		[315, "U1_38", -1529.72, 344.49, "T", "SMD", "INT_NET", "", "R", 59.05, 35.43, 0, 270],
		[316, "U1_39", -1579.72, 344.49, "T", "SMD", "RST_NET", "", "R", 59.05, 35.43, 0, 270],
		[317, "U1_40", -1629.72, 344.49, "T", "SMD", "GND", "GND", "R", 59.05, 35.43, 0, 270],
		[318, "U1_41", -1270.66, -3.94, "T", "SMD", "GND", "GND", "R", 35.43, 35.43, 0, 180],
		[319, "U1_41", -1270.66, -59.06, "T", "SMD", "GND", "GND", "R", 35.43, 35.43, 0, 180],
		[320, "U1_41", -1270.66, -114.18, "T", "SMD", "GND", "GND", "R", 35.43, 35.43, 0, 180],
		[321, "U1_41", -1380.9, -114.18, "T", "SMD", "GND", "GND", "R", 35.43, 35.43, 0, 180],
		[322, "U1_41", -1380.9, -59.06, "T", "SMD", "GND", "GND", "R", 35.43, 35.43, 0, 180],
		[323, "U1_41", -1380.9, -3.94, "T", "SMD", "GND", "GND", "R", 35.43, 35.43, 0, 180],
		[324, "U1_41", -1325.78, -3.94, "T", "SMD", "GND", "GND", "R", 35.43, 35.43, 0, 180],
		[325, "U1_41", -1325.78, -114.18, "T", "SMD", "GND", "GND", "R", 35.43, 35.43, 0, 180],
		[326, "U1_41", -1325.78, -59.06, "T", "SMD", "GND", "GND", "R", 35.43, 35.43, 0, 180],
		[327, "U2_1", 640.55, 1366.61, "T", "SMD", "GND", "GND", "R", 97.24, 38.58, 0, 90],
		[328, "U2_2", 550, 1366.61, "T", "SMD", "3V3", "", "R", 97.24, 38.58, 0, 90],
		[329, "U2_3", 459.45, 1366.61, "T", "SMD", "5V", "", "R", 97.24, 38.58, 0, 90],
		[330, "U2_4", 550, 1143.39, "T", "SMD", "3V3", "", "R", 97.24, 141.73, 0, 90],
		[331, "U3_1", -818.06, 892.28, "T", "SMD", "TX_N", "", "O", 10.63, 59.05, 0, 45],
		[332, "U3_2", -804.13, 906.2, "T", "SMD", "TX_P", "", "O", 10.63, 59.05, 0, 45],
		[333, "U3_3", -790.22, 920.12, "T", "SMD", "GND", "GND", "O", 10.63, 59.05, 0, 45],
		[334, "U3_4", -776.29, 934.04, "T", "SMD", "+3.3VNET", "", "O", 10.63, 59.05, 0, 45],
		[335, "U3_5", -762.38, 947.95, "T", "SMD", "RX_N", "", "O", 10.63, 59.05, 0, 45],
		[336, "U3_6", -748.45, 961.88, "T", "SMD", "RX_P", "", "O", 10.63, 59.05, 0, 45],
		[337, "U3_7", -734.54, 975.79, "T", "SMD", "U3_7", "", "O", 10.63, 59.05, 0, 45],
		[338, "U3_8", -720.62, 989.72, "T", "SMD", "+3.3VNET", "", "O", 10.63, 59.05, 0, 45],
		[339, "U3_9", -706.7, 1003.63, "T", "SMD", "GND", "GND", "O", 10.63, 59.05, 0, 45],
		[340, "U3_10", -692.78, 1017.55, "T", "SMD", "$3N1703", "", "O", 10.63, 59.05, 0, 45],
		[341, "U3_11", -678.86, 1031.47, "T", "SMD", "+3.3VNET", "", "O", 10.63, 59.05, 0, 45],
		[342, "U3_12", -664.94, 1045.39, "T", "SMD", "U3_12", "", "O", 10.63, 59.05, 0, 45],
		[343, "U3_13", -664.94, 1128.9, "T", "SMD", "U3_13", "", "O", 59.05, 10.63, 0, 45],
		[344, "U3_14", -678.86, 1142.83, "T", "SMD", "GND", "GND", "O", 59.05, 10.63, 0, 45],
		[345, "U3_15", -692.78, 1156.74, "T", "SMD", "+3.3VNET", "", "O", 59.05, 10.63, 0, 45],
		[346, "U3_16", -706.7, 1170.66, "T", "SMD", "GND", "GND", "O", 59.05, 10.63, 0, 45],
		[347, "U3_17", -720.62, 1184.58, "T", "SMD", "+3.3VNET", "", "O", 59.05, 10.63, 0, 45],
		[348, "U3_18", -734.54, 1198.5, "T", "SMD", "U3_18", "", "O", 59.05, 10.63, 0, 45],
		[349, "U3_19", -748.45, 1212.42, "T", "SMD", "GND", "GND", "O", 59.05, 10.63, 0, 45],
		[350, "U3_20", -762.38, 1226.34, "T", "SMD", "$3N1787", "", "O", 59.05, 10.63, 0, 45],
		[351, "U3_21", -776.29, 1240.26, "T", "SMD", "+3.3VNET", "", "O", 59.05, 10.63, 0, 45],
		[352, "U3_22", -790.22, 1254.18, "T", "SMD", "$3N1790", "", "O", 59.05, 10.63, 0, 45],
		[353, "U3_23", -804.13, 1268.1, "T", "SMD", "$3N1788", "", "O", 59.05, 10.63, 0, 45],
		[354, "U3_24", -818.06, 1282.02, "T", "SMD", "U3_24", "", "O", 59.05, 10.63, 0, 45],
		[355, "U3_25", -901.56, 1282.02, "T", "SMD", "LED_LINK", "", "O", 10.63, 59.05, 0, 45],
		[356, "U3_26", -915.49, 1268.1, "T", "SMD", "U3_26", "", "O", 10.63, 59.05, 0, 45],
		[357, "U3_27", -929.4, 1254.18, "T", "SMD", "LED_ACT", "", "O", 10.63, 59.05, 0, 45],
		[358, "U3_28", -943.33, 1240.26, "T", "SMD", "+3.3VNET", "", "O", 10.63, 59.05, 0, 45],
		[359, "U3_29", -957.24, 1226.34, "T", "SMD", "GND", "GND", "O", 10.63, 59.05, 0, 45],
		[360, "U3_30", -971.17, 1212.42, "T", "SMD", "XI", "", "O", 10.63, 59.05, 0, 45],
		[361, "U3_31", -985.08, 1198.5, "T", "SMD", "XO", "", "O", 10.63, 59.05, 0, 45],
		[362, "U3_32", -999, 1184.58, "T", "SMD", "SPI1_CS", "", "O", 10.63, 59.05, 0, 45],
		[363, "U3_33", -1012.92, 1170.66, "T", "SMD", "SPI1_SCK", "", "O", 10.63, 59.05, 0, 45],
		[364, "U3_34", -1026.84, 1156.74, "T", "SMD", "SPI1_MISO", "", "O", 10.63, 59.05, 0, 45],
		[365, "U3_35", -1040.76, 1142.83, "T", "SMD", "SPI1_MOSI", "", "O", 10.63, 59.05, 0, 45],
		[366, "U3_36", -1054.68, 1128.9, "T", "SMD", "INT_NET", "", "O", 10.63, 59.05, 0, 45],
		[367, "U3_37", -1054.68, 1045.39, "T", "SMD", "RST_NET", "", "O", 59.05, 10.63, 0, 45],
		[368, "U3_38", -1040.76, 1031.47, "T", "SMD", "$3N1714", "", "O", 59.05, 10.63, 0, 45],
		[369, "U3_39", -1026.84, 1017.55, "T", "SMD", "$3N1713", "", "O", 59.05, 10.63, 0, 45],
		[370, "U3_40", -1012.92, 1003.63, "T", "SMD", "$3N1712", "", "O", 59.05, 10.63, 0, 45],
		[371, "U3_41", -999, 989.72, "T", "SMD", "$3N1711", "", "O", 59.05, 10.63, 0, 45],
		[372, "U3_42", -985.08, 975.79, "T", "SMD", "$3N1715", "", "O", 59.05, 10.63, 0, 45],
		[373, "U3_43", -971.17, 961.88, "T", "SMD", "$3N1718", "", "O", 59.05, 10.63, 0, 45],
		[374, "U3_44", -957.24, 947.95, "T", "SMD", "$3N1717", "", "O", 59.05, 10.63, 0, 45],
		[375, "U3_45", -943.33, 934.04, "T", "SMD", "$3N1716", "", "O", 59.05, 10.63, 0, 45],
		[376, "U3_46", -929.4, 920.12, "T", "SMD", "U3_46", "", "O", 59.05, 10.63, 0, 45],
		[377, "U3_47", -915.49, 906.2, "T", "SMD", "U3_47", "", "O", 59.05, 10.63, 0, 45],
		[378, "U3_48", -901.56, 892.28, "T", "SMD", "GND", "GND", "O", 59.05, 10.63, 0, 45],
		[379, "U4_1", 1262.13, 862.87, "T", "DIP", "$3N4258", "", "C", 70.87, 70.87, 47.24, 135],
		[380, "U4_1", 1262.13, 862.87, "B", "DIP", "$3N4258", "", "C", 70.87, 70.87, 47.24, 135],
		[381, "U4_2", 1191.42, 933.58, "T", "DIP", "PGND", "", "C", 70.87, 70.87, 47.24, 135],
		[382, "U4_2", 1191.42, 933.58, "B", "DIP", "PGND", "", "C", 70.87, 70.87, 47.24, 135],
		[383, "U4_5", 979.29, 1145.71, "T", "DIP", "GND", "GND", "C", 70.87, 70.87, 47.24, 135],
		[384, "U4_5", 979.29, 1145.71, "B", "DIP", "GND", "GND", "C", 70.87, 70.87, 47.24, 135],
		[385, "U4_7", 837.87, 1287.13, "T", "DIP", "+5VP", "", "C", 70.87, 70.87, 47.24, 135],
		[386, "U4_7", 837.87, 1287.13, "B", "DIP", "+5VP", "", "C", 70.87, 70.87, 47.24, 135],
		[387, "U5_1", 1532.16, -492.84, "T", "SMD", "V+", "", "R", 44.59, 54.21, 0, 45],
		[388, "U5_2", 1587.84, -437.16, "T", "SMD", "DET", "", "R", 44.59, 54.21, 0, 45],
		[389, "U6_1", 1634.58, -529.58, "T", "SMD", "V+", "", "R", 78.74, 70.87, 0, 315],
		[390, "U6_2", 1765.42, -660.42, "T", "SMD", "V-", "", "R", 78.74, 70.87, 0, 315],
		[391, "U7_1", 1550, -343.11, "T", "SMD", "$3N3528", "", "O", 23.62, 62.99, 0, 0],
		[392, "U7_2", 1600, -343.11, "T", "SMD", "$3N3532", "", "O", 23.62, 62.99, 0, 0],
		[393, "U7_3", 1650, -343.11, "T", "SMD", "DET", "", "O", 23.62, 62.99, 0, 0],
		[394, "U7_4", 1700, -343.11, "T", "SMD", "V-", "", "O", 23.62, 62.99, 0, 0],
		[395, "U7_5", 1700, -106.89, "T", "SMD", "PGND", "", "O", 23.62, 62.99, 0, 0],
		[396, "U7_6", 1650, -106.89, "T", "SMD", "$3N3947", "", "O", 23.62, 62.99, 0, 0],
		[397, "U7_7", 1600, -106.89, "T", "SMD", "UVLO", "", "O", 23.62, 62.99, 0, 0],
		[398, "U7_8", 1550, -106.89, "T", "SMD", "V+", "", "O", 23.62, 62.99, 0, 0],
		[399, "U7_9", 1625, -225, "T", "SMD", "V-", "", "R", 125.98, 98.42, 0, 0],
		[400, "U8_1", 1470, 162.89, "T", "SMD", "SW", "", "O", 23.7, 76.42, 0, 0],
		[401, "U8_2", 1520, 162.89, "T", "SMD", "$3N3976", "", "O", 23.7, 76.42, 0, 0],
		[402, "U8_3", 1570, 162.89, "T", "SMD", "V+", "", "O", 23.7, 76.42, 0, 0],
		[403, "U8_4", 1620, 162.89, "T", "SMD", "PGND", "", "O", 23.7, 76.42, 0, 0],
		[404, "U8_5", 1620, 377.11, "T", "SMD", "FB", "", "O", 23.7, 76.42, 0, 0],
		[405, "U8_6", 1570, 377.11, "T", "SMD", "$3N3947", "", "O", 23.7, 76.42, 0, 0],
		[406, "U8_7", 1520, 377.11, "T", "SMD", "U8_7", "", "O", 23.7, 76.42, 0, 0],
		[407, "U8_8", 1470, 377.11, "T", "SMD", "BS", "", "O", 23.7, 76.42, 0, 0],
		[408, "U8_9", 1545, 270, "T", "SMD", "$3N3976", "", "R", 121.97, 94.88, 0, 0],
		[409, "U11_1", 146.85, 1803.94, "T", "DIP", "$4N880", "", "C", 62.99, 62.99, 39.37, 0],
		[410, "U11_1", 146.85, 1803.94, "B", "DIP", "$4N880", "", "C", 62.99, 62.99, 39.37, 0],
		[411, "U11_2", 246.85, 1803.94, "T", "DIP", "$4N663", "", "C", 62.99, 62.99, 39.37, 0],
		[412, "U11_2", 246.85, 1803.94, "B", "DIP", "$4N663", "", "C", 62.99, 62.99, 39.37, 0],
		[413, "U12_1", -1691.34, -765.35, "T", "DIP", "$4N919", "", "C", 62.99, 62.99, 39.37, 0],
		[414, "U12_1", -1691.34, -765.35, "B", "DIP", "$4N919", "", "C", 62.99, 62.99, 39.37, 0],
		[415, "U12_2", -1591.34, -765.35, "T", "DIP", "$4N663", "", "C", 62.99, 62.99, 39.37, 0],
		[416, "U12_2", -1591.34, -765.35, "B", "DIP", "$4N663", "", "C", 62.99, 62.99, 39.37, 0],
		[417, "U13_1", 1433.46, -1038.58, "T", "DIP", "$4N958", "", "C", 62.99, 62.99, 39.37, 0],
		[418, "U13_1", 1433.46, -1038.58, "B", "DIP", "$4N958", "", "C", 62.99, 62.99, 39.37, 0],
		[419, "U13_2", 1533.46, -1038.58, "T", "DIP", "$4N663", "", "C", 62.99, 62.99, 39.37, 0],
		[420, "U13_2", 1533.46, -1038.58, "B", "DIP", "$4N663", "", "C", 62.99, 62.99, 39.37, 0],
		[421, "USB1_1", -1302.4, -1014.23, "T", "SMD", "GND", "GND", "R", 21.65, 59.06, 0, 315],
		[422, "USB1_2", -1280.13, -1036.5, "T", "SMD", "USB5V", "", "R", 21.65, 59.06, 0, 315],
		[423, "USB1_3", -1262.03, -1054.6, "T", "SMD", "USB1_3", "", "R", 11.81, 55.12, 0, 315],
		[424, "USB1_4", -1248.11, -1068.52, "T", "SMD", "USB1_4", "", "R", 11.81, 55.12, 0, 315],
		[425, "USB1_5", -1234.19, -1082.44, "T", "SMD", "USBC_N", "", "R", 11.81, 55.12, 0, 315],
		[426, "USB1_6", -1220.28, -1096.35, "T", "SMD", "USBC_P", "", "R", 11.81, 55.12, 0, 315],
		[427, "USB1_7", -1206.35, -1110.28, "T", "SMD", "USBC_N", "", "R", 11.81, 55.12, 0, 315],
		[428, "USB1_8", -1192.44, -1124.19, "T", "SMD", "USBC_P", "", "R", 11.81, 55.12, 0, 315],
		[429, "USB1_9", -1178.51, -1138.12, "T", "SMD", "USB1_9", "", "R", 11.81, 55.12, 0, 315],
		[430, "USB1_10", -1164.59, -1152.04, "T", "SMD", "USB1_10", "", "R", 11.81, 55.12, 0, 315],
		[431, "USB1_11", -1146.5, -1170.13, "T", "SMD", "USB5V", "", "R", 21.65, 55.12, 0, 315],
		[432, "USB1_12", -1124.23, -1192.4, "T", "SMD", "GND", "GND", "R", 21.65, 55.12, 0, 315],
		[433, "USB1_13", -1354.59, -1003.79, "T", "DIP", "USB1_13", "", "O", 43.31, 78.74, 59.05, 315],
		[434, "USB1_13", -1354.59, -1003.79, "B", "DIP", "USB1_13", "", "O", 43.31, 78.74, 59.05, 315],
		[435, "USB1_13", -1471.52, -1120.72, "T", "DIP", "USB1_A_13", "", "O", 47.24, 70.87, 47.24, 315],
		[436, "USB1_13", -1471.52, -1120.72, "B", "DIP", "USB1_A_13", "", "O", 47.24, 70.87, 47.24, 315],
		[437, "USB1_14", -1113.79, -1244.59, "T", "DIP", "USB1_14", "", "O", 43.31, 78.74, 59.06, 315],
		[438, "USB1_14", -1113.79, -1244.59, "B", "DIP", "USB1_14", "", "O", 43.31, 78.74, 59.06, 315],
		[439, "USB1_14", -1230.72, -1361.52, "T", "DIP", "USB1_A_14", "", "O", 47.24, 70.87, 47.24, 315],
		[440, "USB1_14", -1230.72, -1361.52, "B", "DIP", "USB1_A_14", "", "O", 47.24, 70.87, 47.24, 315],
		[441, "X1_1", -1037.47, 1444.85, "T", "SMD", "XI", "", "R", 70.87, 47.24, 0, 225],
		[442, "X1_2", -1109.85, 1372.47, "T", "SMD", "GND", "GND", "R", 70.87, 47.24, 0, 225],
		[443, "X1_3", -1062.53, 1325.15, "T", "SMD", "XO", "", "R", 70.87, 47.24, 0, 225],
		[444, "X1_4", -990.15, 1397.53, "T", "SMD", "GND", "GND", "R", 70.87, 47.24, 0, 225]
	]
}
}